<?xml version="1.0" encoding="UTF-8"?>
<project-private xmlns="http://www.netbeans.org/ns/project-private/1">
    <editor-bookmarks xmlns="http://www.netbeans.org/ns/editor-bookmarks/2" lastBookmarkId="0"/>
    <open-files xmlns="http://www.netbeans.org/ns/projectui-open-files/2">
        <group>
            <file>file:/E:/Polinema/Semester%203/PBO%20Kelas%202/CobaAbstract/src/cobainterface/PascaSarjana.java</file>
            <file>file:/E:/Polinema/Semester%203/PBO%20Kelas%202/CobaAbstract/src/cobaabstract/abstractclass/Ikan.java</file>
            <file>file:/E:/Polinema/Semester%203/PBO%20Kelas%202/CobaAbstract/src/cobainterface/ICumlaude.java</file>
            <file>file:/E:/Polinema/Semester%203/PBO%20Kelas%202/CobaAbstract/src/cobaabstract/abstractclass/Orang.java</file>
            <file>file:/E:/Polinema/Semester%203/PBO%20Kelas%202/CobaAbstract/src/cobaabstract/abstractclass/Program.java</file>
            <file>file:/E:/Polinema/Semester%203/PBO%20Kelas%202/CobaAbstract/src/cobaabstract/abstractclass/Kucing.java</file>
            <file>file:/E:/Polinema/Semester%203/PBO%20Kelas%202/CobaAbstract/src/cobainterface/IBerprestasi.java</file>
            <file>file:/E:/Polinema/Semester%203/PBO%20Kelas%202/CobaAbstract/src/cobainterface/Sarjana.java</file>
            <file>file:/E:/Polinema/Semester%203/PBO%20Kelas%202/CobaAbstract/src/cobainterface/Program.java</file>
            <file>file:/E:/Polinema/Semester%203/PBO%20Kelas%202/CobaAbstract/src/cobaabstract/abstractclass/Hewan.java</file>
            <file>file:/E:/Polinema/Semester%203/PBO%20Kelas%202/CobaAbstract/src/cobaabstract/CobaAbstract.java</file>
            <file>file:/E:/Polinema/Semester%203/PBO%20Kelas%202/CobaAbstract/src/cobainterface/Mahasiswa.java</file>
            <file>file:/E:/Polinema/Semester%203/PBO%20Kelas%202/CobaAbstract/src/cobainterface/Rektor.java</file>
        </group>
    </open-files>
</project-private>
